program_id,calls,functions,mappings,records,imports,cross_contract_refs,async_or_conditional_paths
credits.aleo,64268,15,8,1,"","","bond_validator bond_public unbond_public claim_unbond_public set_validator_state transfer_public transfer_public_as_signer transfer_private_to_public transfer_public_to_private fee_private fee_public upgrade"
puzzle_arcade_coin_v002.aleo,12992,2,0,1,"","","mint spend"
puzzle_arcade_ticket_v002.aleo,5487,7,1,1,"","","add_program_to_registry mint spend join join3 join4 join5"
par_giveaways_v1.aleo,2160,13,8,0,"par_store_inventory_v1.aleo puzzle_arcade_ticket_v002.aleo","puzzle_arcade_ticket_v002.aleo","open close draw_winner buy_one_entry buy_two_entries buy_three_entries buy_four_entries buy_five_entries buy_six_entries buy_seven_entries buy_eight_entries buy_nine_entries buy_ten_entries"
puzzle_spinner_v003.aleo,1961,1,1,0,"puzzle_arcade_coin_v002.aleo puzzle_arcade_ticket_v002.aleo","puzzle_arcade_coin_v002.aleo puzzle_arcade_ticket_v002.aleo","spin"
mystery_city_v001.aleo,1065,1,1,0,"puzzle_arcade_coin_v002.aleo puzzle_arcade_ticket_v002.aleo","puzzle_arcade_coin_v002.aleo puzzle_arcade_ticket_v002.aleo","submit_game"
token_registry.aleo,1008,22,5,1,"credits.aleo","","transfer_public transfer_public_as_signer transfer_private transfer_private_to_public transfer_public_to_private join split initialize register_token update_token_management set_role remove_role mint_public mint_private burn_public burn_private prehook_public prehook_private approve_public unapprove_public transfer_from_public transfer_from_public_to_private"
whalepool_easystaking_v2.aleo,831,11,8,0,"credits.aleo","credits.aleo","initialize bond_recharger set_recharger set_scope_check set_pool_state bond_public unbond_public unbond_pos_rewards claim_unbond_public transfer_public fallback_unbond_if_removed"
arcn_pool_v2_2_2.aleo,299,13,6,3,"arcn_access_manager_v1.aleo arcn_whitelist.aleo credits.aleo token_registry.aleo","arcn_access_manager_v1.aleo arcn_whitelist.aleo token_registry.aleo","initialize set_protocol_fee_public set_fee_whitelist_public withdraw_protocol_fee create_pool transfer_lp_receipt_by_salt add_amm_liquidity remove_amm_liquidity_part swap_amm redeem_voucher swap_stable"
whalepool_easystaking_v3.aleo,255,11,8,0,"credits.aleo","credits.aleo","transfer_public claim_unbond_public unbond_public unbond_pos_rewards admin_change_validator_stake admin_unbond_credits bond_public set_scope_check set_pool_state set_employee initialize"
betastaking.aleo,185,20,8,1,"credits.aleo","credits.aleo","transfer_public transfer_private_to_public transfer_public_to_private stake_public stake_private unstake_token unstake_aleo withdraw withdraw_private approve_public unapprove_public transfer_from_public notify_reward pull_aleo update_settings set_staker set_admin init"
arcn_whitelist.aleo,181,4,2,0,"arcn_access_manager_v1.aleo","arcn_access_manager_v1.aleo","initialize whitelist_caller toggle_whitelist is_caller_eligible"
zkwork_staker_v1.aleo,148,4,1,0,"credits.aleo withdrawaler.aleo zkwork_staking.aleo","credits.aleo withdrawaler.aleo zkwork_staking.aleo","bond notify_reward withdraw_puzzle init"
pondo_protocol.aleo,147,13,6,0,"credits.aleo delegator1.aleo delegator2.aleo delegator3.aleo delegator4.aleo delegator5.aleo paleo_token.aleo pondo_protocol_token.aleo token_registry.aleo validator_oracle.aleo wrapped_credits.aleo","credits.aleo delegator1.aleo delegator2.aleo delegator3.aleo delegator4.aleo delegator5.aleo paleo_token.aleo pondo_protocol_token.aleo token_registry.aleo validator_oracle.aleo wrapped_credits.aleo","initialize prep_rebalance deposit_public_as_signer deposit_public distribute_deposits instant_withdraw_public instant_withdraw_public_signer withdraw_public withdraw_public_as_signer claim_withdrawal_public rebalance_retrieve_credits rebalance_redistribute set_oracle_tvl"
arcn_compliance_v1.aleo,146,2,0,0,"","","report report_voucher"
zkwork_staking.aleo,137,20,8,1,"credits.aleo","credits.aleo","stake_public stake_private unstake_token unstake_aleo withdraw withdraw_private transfer_public transfer_public_to_private transfer_private_to_public approve_public unapprove_public transfer_from_public notify_reward pull_aleo update_settings set_staker set_admin init"
squash_v4.aleo,116,6,1,1,"puzzle_arcade_coin_v002.aleo puzzle_arcade_ticket_v002.aleo squash_timestamp.aleo squash_v001.aleo squash_v2.aleo squash_v3.aleo","puzzle_arcade_coin_v002.aleo puzzle_arcade_ticket_v002.aleo squash_v3.aleo","mint water water_and_level_up set_day_start migrate_from_v3 mint_arbitrary_squash"
autojoin_credits_2_10.aleo,97,9,0,0,"credits.aleo","credits.aleo","join_2 join_3 join_4 join_5 join_6 join_7 join_8 join_9 join_10"
connection_v1.aleo,90,7,7,0,"credits.aleo gmp_checksum_v1.aleo gmp_lib_v1.aleo","credits.aleo gmp_checksum_v1.aleo gmp_lib_v1.aleo","initialize send_message verify_message update_validators update_threshold transfer_ownership withdraw"
par_store_inventory_v1.aleo,88,5,2,1,"","","set_sku_price mint validate_purchase fulfill shutdown"
asset_manager_helper_v1.aleo,86,3,3,0,"gmp_checksum_v1.aleo gmp_lib_v1.aleo","gmp_checksum_v1.aleo gmp_lib_v1.aleo","initialize transfer_message_external recv_message_external"
asset_manager_core_v1.aleo,86,3,1,0,"asset_manager_helper_v1.aleo connection_v1.aleo credits.aleo gmp_checksum_v1.aleo gmp_lib_v1.aleo rate_limit_v1.aleo token_registry.aleo","asset_manager_helper_v1.aleo connection_v1.aleo credits.aleo gmp_checksum_v1.aleo gmp_lib_v1.aleo rate_limit_v1.aleo token_registry.aleo","transfer_native_public transfer_token_public recv_message"
wrapped_credits.aleo,83,5,0,0,"credits.aleo token_registry.aleo","credits.aleo token_registry.aleo","deposit_credits_public_signer deposit_credits_private withdraw_credits_public withdraw_credits_public_signer withdraw_credits_private"
arcn_pub_v2_2_3.aleo,79,6,0,0,"arcn_access_manager_v1.aleo arcn_compliance_v1.aleo arcn_pool_v2_2_2.aleo arcn_whitelist.aleo credits.aleo token_registry.aleo","arcn_compliance_v1.aleo arcn_pool_v2_2_2.aleo token_registry.aleo","create_pool swap_amm redeem_voucher swap_stable add_amm_liq remove_amm_liq_part"
arcn_priv_v2_2_3.aleo,64,6,0,0,"arcn_access_manager_v1.aleo arcn_compliance_v1.aleo arcn_pool_v2_2_2.aleo arcn_whitelist.aleo credits.aleo token_registry.aleo","arcn_compliance_v1.aleo arcn_pool_v2_2_2.aleo token_registry.aleo","create_pool swap_amm redeem_voucher swap_stable add_amm_liq remove_amm_liq_part"
usdcx_stablecoin.aleo,62,21,5,3,"merkle_tree.aleo usdcx_freezelist.aleo usdcx_multisig_core.aleo","usdcx_freezelist.aleo usdcx_multisig_core.aleo","update_role initialize get_credentials mint_public mint_private burn_public burn_private transfer_public transfer_public_as_signer approve_public unapprove_public transfer_from_public transfer_public_to_private transfer_from_public_to_private transfer_private transfer_private_to_public set_pause_status transfer_private_with_creds"
usad_stablecoin.aleo,58,21,5,3,"merkle_tree.aleo usad_freezelist.aleo usad_multisig_core.aleo","usad_freezelist.aleo usad_multisig_core.aleo","update_role initialize get_credentials mint_public mint_private burn_public burn_private transfer_public transfer_public_as_signer approve_public unapprove_public transfer_from_public transfer_public_to_private transfer_from_public_to_private transfer_private transfer_private_to_public set_pause_status transfer_private_with_creds"
rate_limit_v1.aleo,43,8,4,0,"gmp_checksum_v1.aleo","gmp_checksum_v1.aleo","initialize set_asset_manager pause unpause set_rate_limit reset_rate_limit verify_withdraw transfer_ownership"
gmp_lib_v1.aleo,43,1,0,0,"","","u128_to_bytes32"
mining_jouny_test_v2.aleo,31,11,8,0,"credits.aleo","credits.aleo","transfer_public claim_unbond_public unbond_public unbond_pos_rewards admin_change_validator_stake admin_unbond_credits bond_public set_scope_check set_pool_state set_employee initialize"
arcn_puc_out_helper_swap_v2_2_6.aleo,26,2,0,0,"arcn_access_manager_v1.aleo arcn_pool_v2_2_2.aleo arcn_whitelist.aleo credits.aleo token_registry.aleo wrapped_credits.aleo","arcn_access_manager_v1.aleo arcn_pool_v2_2_2.aleo credits.aleo token_registry.aleo wrapped_credits.aleo","withdraw_protocol_fee swap_amm_credits_out"
withdrawaler.aleo,20,8,4,0,"credits.aleo zkwork_staking.aleo","credits.aleo","unbond claim push_aleo claim_and_push set_operator set_admin set_miner init"
vlink_token_bridge_v3.aleo,19,14,8,0,"","","initialize_tb migrate_eth_seq transfer_ownership_tb add_attestor_tb remove_attestor_tb update_threshold_tb add_chain_tb remove_chain_tb add_service_tb remove_service_tb pause_tb unpause_tb publish consume"
betastaker_1.aleo,18,9,3,0,"betastaking.aleo credits.aleo","betastaking.aleo credits.aleo","notify_reward set_admin init bond unbond claim push_aleo claim_and_push set_operator"
betastaker_3.aleo,16,9,3,0,"betastaking.aleo credits.aleo","betastaking.aleo credits.aleo","notify_reward set_admin init bond unbond claim push_aleo claim_and_push set_operator"
betastaker_2.aleo,14,9,3,0,"betastaking.aleo credits.aleo","betastaking.aleo credits.aleo","notify_reward set_admin init bond unbond claim push_aleo claim_and_push set_operator"
betastaker_4.aleo,14,9,3,0,"betastaking.aleo credits.aleo","betastaking.aleo credits.aleo","notify_reward set_admin init bond unbond claim push_aleo claim_and_push set_operator"
aj_usdcx_stablecoin_2_10.aleo,13,9,0,0,"merkle_tree.aleo usdcx_freezelist.aleo usdcx_multisig_core.aleo usdcx_stablecoin.aleo","usdcx_stablecoin.aleo","join_2 join_3 join_4 join_5 join_6 join_7 join_8 join_9 join_10"
ans_registrar_usd2.aleo,13,10,2,0,"aleo_name_service_registry.aleo ans_coupon_card.aleo ans_utils.aleo credits.aleo","aleo_name_service_registry.aleo ans_coupon_card.aleo credits.aleo","transfer_public initialize_registrar update_setting set_unit_price change_admin register_free register_fld register_fld_public register_fld_with_coupon register_fld_with_coupon_public"
delegator3.aleo,13,9,3,0,"credits.aleo validator_oracle.aleo","credits.aleo validator_oracle.aleo","initialize ban_validator prep_rebalance set_validator bond unbond terminal_state transfer_to_core_protocol bond_failed"
delegator4.aleo,12,9,3,0,"credits.aleo validator_oracle.aleo","credits.aleo validator_oracle.aleo","initialize ban_validator prep_rebalance set_validator bond unbond terminal_state transfer_to_core_protocol bond_failed"
vlink_token_service_cd_v3.aleo,12,16,9,0,"credits.aleo vlink_holding_cd_v3.aleo vlink_token_bridge_v3.aleo","credits.aleo vlink_holding_cd_v3.aleo vlink_token_bridge_v3.aleo","initialize_ts transfer_ownership_ts update_other_chain_tokenservice update_other_chain_tokenaddress remove_other_chain_addresses add_token_info pause_token_ts unpause_token_ts update_min_transfer_ts update_max_transfer_ts token_send_public token_receive_public add_chain_to_existing_token holding_release holding_transfer_ownership update_fees"
delegator2.aleo,12,9,3,0,"credits.aleo validator_oracle.aleo","credits.aleo validator_oracle.aleo","initialize ban_validator prep_rebalance set_validator bond unbond terminal_state transfer_to_core_protocol bond_failed"
delegator1.aleo,12,9,3,0,"credits.aleo validator_oracle.aleo","credits.aleo validator_oracle.aleo","initialize ban_validator prep_rebalance set_validator bond unbond terminal_state transfer_to_core_protocol bond_failed"
delegator5.aleo,12,9,3,0,"credits.aleo validator_oracle.aleo","credits.aleo validator_oracle.aleo","initialize ban_validator prep_rebalance set_validator bond unbond terminal_state transfer_to_core_protocol bond_failed"
aj_usad_stablecoin_2_10.aleo,10,9,0,0,"merkle_tree.aleo usad_freezelist.aleo usad_multisig_core.aleo usad_stablecoin.aleo","usad_stablecoin.aleo","join_2 join_3 join_4 join_5 join_6 join_7 join_8 join_9 join_10"
betastaking_ext.aleo,10,1,0,0,"betastaking.aleo credits.aleo","betastaking.aleo","stake"
hyp_mailbox.aleo,10,10,8,0,"hyp_ism_manager.aleo hyp_multisig_core.aleo","hyp_ism_manager.aleo hyp_multisig_core.aleo","init set_dispatch_proxy set_owner set_default_ism set_default_hook set_required_hook register_application process dispatch"
validator_oracle.aleo,10,15,9,0,"credits.aleo","credits.aleo","initialize add_control_address remove_control_address update_admin update_delegator_allocations propose_delegator add_delegator update_data remove_delegator pondo_ban_validator ban_validator unban_validator set_pondo_tvl ban_self boost_validator"
arcn_puc_in_helper_swap_v2_2_5.aleo,9,2,0,0,"arcn_access_manager_v1.aleo arcn_pool_v2_2_2.aleo arcn_whitelist.aleo credits.aleo token_registry.aleo wrapped_credits.aleo","arcn_access_manager_v1.aleo arcn_pool_v2_2_2.aleo credits.aleo token_registry.aleo wrapped_credits.aleo","withdraw_protocol_fee swap_amm_credits_in"
hyp_ism_manager.aleo,9,7,8,0,"hyp_multisig_core.aleo","hyp_multisig_core.aleo","init_noop init_message_id_multisig init_domain_routing set_domain remove_domain transfer_routing_ism_ownership verify"
puzzle_capital_multisig.aleo,8,13,6,0,"","","create_wallet add_signer init_signing_op sign exec_signing_op update_threshold remove_signer verify_completed_op consume_signing_op emergency_exec_signing_op disallow_upgrades set_upgrader_address"
vlink_token_service_v3.aleo,7,23,17,0,"credits.aleo token_registry.aleo vlink_holding_v3.aleo vlink_token_bridge_v3.aleo","token_registry.aleo vlink_holding_v3.aleo vlink_token_bridge_v3.aleo","initialize_ts migrate_previous_sysData transfer_ownership_ts update_other_chain_tokenservice update_other_chain_tokenaddress remove_other_chain_addresses add_token_ts remove_token_ts pause_token_ts unpause_token_ts update_min_transfer_ts update_max_transfer_ts update_withdrawal_limit token_send_public token_send_private token_receive_public token_receive_private add_chain_to_existing_token holding_release holding_release_private holding_transfer_ownership update_platform_fee update_relayer_fee"
usdcx_bridge.aleo,7,9,4,0,"merkle_tree.aleo usdcx_freezelist.aleo usdcx_multisig_core.aleo usdcx_stablecoin.aleo","usdcx_freezelist.aleo usdcx_multisig_core.aleo usdcx_stablecoin.aleo","mint_private mint_public burn burn_public set_pause_status set_circle_attester set_minimum_burn_amount address_to_bytes_raw"
vlink_holding_cd_v3.aleo,6,4,2,0,"credits.aleo","credits.aleo","initialize_holding transfer_ownership_holding hold_fund release_fund"
puzzle_capital_pool.aleo,6,25,31,1,"credits.aleo puzzle_capital_multisig.aleo","credits.aleo puzzle_capital_multisig.aleo","initialize deposit deposit_v2 request_withdraw complete_withdraw set_auto_restake commit_epoch apply_epoch_rewards close_epoch restake_epoch withdraw_credits transfer_claimable emergency_unseal force_close_epoch propose_change_fee propose_change_validator propose_update_role propose_pause propose_change_max_reward_bps exec_change_fee exec_update_role exec_pause exec_change_validator exec_change_max_reward_bps get_signing_op_id_for_deploy"
certchain_equity_v1.aleo,5,7,8,1,"","","register_admin mint split transfer declare_dividend claim_dividend vote"
vlink_holding_v3.aleo,4,5,2,0,"credits.aleo token_registry.aleo","token_registry.aleo","initialize_holding transfer_ownership_holding hold_fund release_fund release_fund_private"
pubpriv_router_credits_v3.aleo,3,2,0,0,"credits.aleo","credits.aleo","transfer_pub_priv_to_pub transfer_pub_priv_to_priv"
shield_wallet_promo_ethdenver.aleo,3,3,1,0,"credits.aleo","credits.aleo","redeem fund refund"
hyp_warp_token_sol.aleo,2,11,4,0,"credits.aleo hyp_dispatch_proxy.aleo hyp_hook_manager.aleo hyp_ism_manager.aleo hyp_mailbox.aleo hyp_multisig_core.aleo token_registry.aleo","hyp_dispatch_proxy.aleo hyp_mailbox.aleo hyp_multisig_core.aleo token_registry.aleo","init set_custom_hook set_custom_ism set_owner enroll_remote_router unroll_remote_router transfer_remote transfer_remote_with_hook process get_balance_key"
hyp_hook_manager.aleo,2,9,11,0,"credits.aleo hyp_ism_manager.aleo hyp_mailbox.aleo hyp_multisig_core.aleo","credits.aleo hyp_mailbox.aleo hyp_multisig_core.aleo","init_noop init_igp set_destination_gas_config remove_destination_gas_config claim pay_for_gas transfer_igp_ownership init_merkle_tree post_dispatch"
lsp_host_ui_v1.aleo,2,12,4,1,"credits.aleo lsp_host_bank_v1.aleo","credits.aleo lsp_host_bank_v1.aleo","initialize transfer_ownership accept_ownership init_pool deposit release complete_release set_authority pool_control report_bond report_unbond report_total_unbond"
hyp_warp_token_usdt.aleo,2,11,4,0,"credits.aleo hyp_dispatch_proxy.aleo hyp_hook_manager.aleo hyp_ism_manager.aleo hyp_mailbox.aleo hyp_multisig_core.aleo token_registry.aleo","hyp_dispatch_proxy.aleo hyp_mailbox.aleo hyp_multisig_core.aleo token_registry.aleo","init set_custom_hook set_custom_ism set_owner enroll_remote_router unroll_remote_router transfer_remote transfer_remote_with_hook process get_balance_key"
arcn_puc_in_helper_v2_2_4.aleo,2,4,0,0,"arcn_access_manager_v1.aleo arcn_compliance_v1.aleo arcn_pool_v2_2_2.aleo arcn_whitelist.aleo credits.aleo token_registry.aleo wrapped_credits.aleo","arcn_compliance_v1.aleo arcn_pool_v2_2_2.aleo credits.aleo token_registry.aleo wrapped_credits.aleo","create_pool_credits_is_token1 swap_amm_credits_in add_amm_liq_credits_is_token1 remove_liq_credits_is_token1"
hyp_warp_token_usdc.aleo,2,12,4,0,"credits.aleo hyp_dispatch_proxy.aleo hyp_hook_manager.aleo hyp_ism_manager.aleo hyp_mailbox.aleo hyp_multisig_core.aleo token_registry.aleo","hyp_dispatch_proxy.aleo hyp_mailbox.aleo hyp_multisig_core.aleo token_registry.aleo","init migrate_v1_remote_decimals set_custom_hook set_custom_ism set_owner enroll_remote_router unroll_remote_router transfer_remote transfer_remote_with_hook process get_balance_key"
hyp_warp_token_usad.aleo,2,10,4,0,"credits.aleo hyp_dispatch_proxy.aleo hyp_hook_manager.aleo hyp_ism_manager.aleo hyp_mailbox.aleo hyp_multisig_core.aleo merkle_tree.aleo usad_freezelist.aleo usad_multisig_core.aleo usad_stablecoin.aleo","hyp_dispatch_proxy.aleo hyp_mailbox.aleo hyp_multisig_core.aleo usad_freezelist.aleo usad_stablecoin.aleo","init set_custom_hook set_custom_ism set_owner enroll_remote_router unroll_remote_router transfer_remote transfer_remote_with_hook process"
phantom_mint.aleo,1,1,0,1,"","","mint"
lsp_host_bank_v1.aleo,1,7,2,1,"credits.aleo","credits.aleo","unbond_public transfer_public initialize withdraw set_withdrawal transfer_ownership accept_ownership"
puzzle_proving_partner.aleo,1,14,9,4,"credits.aleo puzzle_capital_multisig.aleo","credits.aleo puzzle_capital_multisig.aleo","initialize register_partner record_proving_rewards create_epoch_record settle_partner_epoch transfer_settlement advance_epoch withdraw_fees update_partner_apr update_partner_capacity update_partner_payout_address deactivate_partner set_paused update_role"
hyp_warp_token_wbtc.aleo,1,11,4,0,"credits.aleo hyp_dispatch_proxy.aleo hyp_hook_manager.aleo hyp_ism_manager.aleo hyp_mailbox.aleo hyp_multisig_core.aleo token_registry.aleo","hyp_dispatch_proxy.aleo hyp_mailbox.aleo hyp_multisig_core.aleo token_registry.aleo","init set_custom_hook set_custom_ism set_owner enroll_remote_router unroll_remote_router transfer_remote transfer_remote_with_hook process get_balance_key"
hyp_warp_token_eth.aleo,1,11,4,0,"credits.aleo hyp_dispatch_proxy.aleo hyp_hook_manager.aleo hyp_ism_manager.aleo hyp_mailbox.aleo hyp_multisig_core.aleo token_registry.aleo","hyp_dispatch_proxy.aleo hyp_mailbox.aleo hyp_multisig_core.aleo token_registry.aleo","init set_custom_hook set_custom_ism set_owner enroll_remote_router unroll_remote_router transfer_remote transfer_remote_with_hook process get_balance_key"
arcn_credits_in_helper_v2_2_3.aleo,1,4,0,0,"arcn_access_manager_v1.aleo arcn_compliance_v1.aleo arcn_pool_v2_2_2.aleo arcn_whitelist.aleo credits.aleo token_registry.aleo wrapped_credits.aleo","arcn_compliance_v1.aleo arcn_pool_v2_2_2.aleo credits.aleo token_registry.aleo wrapped_credits.aleo","create_pool_credits_is_token1 swap_amm_credits_in add_amm_liq_credits_is_token1 remove_liq_credits_is_token1"
victim_vault.aleo,1,1,0,0,"credits.aleo","credits.aleo","withdraw"
hyp_dispatch_proxy.aleo,1,2,0,0,"credits.aleo hyp_hook_manager.aleo hyp_ism_manager.aleo hyp_mailbox.aleo hyp_multisig_core.aleo","hyp_hook_manager.aleo hyp_mailbox.aleo hyp_multisig_core.aleo","dispatch"
whalepool_puzzlecapital.aleo,1,12,10,1,"credits.aleo puzzle_capital_multisig.aleo","credits.aleo puzzle_capital_multisig.aleo","initialize register_prover deregister_prover record_shares begin_epoch_settlement distribute_to_prover advance_epoch withdraw_fees update_prover_payout_address set_paused update_puzzle_capacity update_role"
autojoin_token_registry_2_9.aleo,1,8,0,0,"credits.aleo token_registry.aleo","token_registry.aleo","join_2 join_3 join_4 join_5 join_6 join_7 join_8 join_9"
par_store_v1.aleo,1,9,0,0,"par_store_inventory_v1.aleo puzzle_arcade_ticket_v002.aleo","par_store_inventory_v1.aleo puzzle_arcade_ticket_v002.aleo","purchase purchase2 purchase3 purchase4 purchase5 purchase6 purchase7 purchase8 purchase9"
