"contract","tx_count","call_receipts","transfer_amount_events","gas_used"
"0x02c7b1edf72ac8135d21da3eb27205432ca09c88968a65eb6eb165b48e842368","999","0","0","0"
"0x132ab8709aff3d228bbb07af7d2338d1e4f1fcb060135922495147849dd6b8fc","383","0","0","0"
"0xe749999a6a5190a2e8a53582f508a2ab1c9ba378d37b69dd9d5a3fc95ff15f3a","249","0","0","0"
"0x5a908a89f5caac1a76b199e71e44e42ffed125b2c4e64d0982e60a536a394f76","244","0","0","0"
"0x66fa6d1e596a43d5c6533986c54a853f870276133836a71463c2d76ba92182da","244","0","0","0"
"0x2b50d625b7954585817c6f806c40277a7247575ad97ed3c44296254ad4a61397","201","0","0","0"
"0xca78cbd896cd09f104cd32448e0ef155dace8a0a9ea21ad5f4f9435800038b9b","201","0","0","0"
"0xdf873d85d8d81f2863cecd5026de76efd3d51a47736ad46d1110c56695ca2665","171","0","0","0"
"0x67131671734e1f9ad71876446b46cfa799335b1e2e067647b77149695476014f","171","0","0","0"
"0x0b195cca69e6e71062e05cc59772e5a969fc2b332a6c78b4b42c9f24b62abab7","134","0","0","0"
